dia,S,I,R,D,R_eff
0,999998,1,1,0,1.0000
1,999997,1,2,0,1.0000
2,999997,1,2,0,1.0000
3,999996,2,2,0,2.0000
4,999994,4,2,0,2.0000
5,999990,8,2,0,2.0000
6,999985,12,3,0,1.5000
7,999976,21,3,0,1.7500
8,999968,29,3,0,1.3810
9,999959,34,7,0,1.1724
10,999947,40,13,0,1.1765
11,999932,50,18,0,1.2500
12,999921,56,21,2,1.1200
13,999905,68,25,2,1.2143
14,999889,76,33,2,1.1176
15,999873,80,43,4,1.0526
16,999860,84,52,4,1.0500
17,999844,90,61,5,1.0714
18,999827,101,66,6,1.1222
19,999805,109,78,8,1.0792
20,999790,112,89,9,1.0275
21,999769,122,99,10,1.0893
22,999750,126,113,11,1.0328
23,999733,133,123,11,1.0556
24,999710,143,136,11,1.0752
25,999689,152,148,11,1.0629
26,999665,161,162,12,1.0592
27,999639,169,180,12,1.0497
28,999610,177,199,14,1.0473
29,999575,196,212,17,1.1073
30,999536,218,228,18,1.1122
31,999499,230,251,20,1.0550
32,999471,229,279,21,0.9957
33,999442,226,307,25,0.9869
34,999406,240,326,28,1.0619
35,999370,253,349,28,1.0542
36,999338,253,374,35,1.0000
37,999297,263,403,37,1.0395
38,999256,281,421,42,1.0684
39,999217,287,452,44,1.0214
40,999167,309,480,44,1.0767
41,999115,331,508,46,1.0712
42,999070,335,547,48,1.0121
43,999010,346,594,50,1.0328
44,998966,346,633,55,1.0000
45,998913,350,674,63,1.0116
46,998856,369,708,67,1.0543
47,998801,388,741,70,1.0515
48,998742,392,792,74,1.0103
49,998679,406,838,77,1.0357
50,998625,410,887,78,1.0099
51,998570,425,926,79,1.0366
52,998502,444,968,86,1.0447
53,998438,459,1013,90,1.0338
54,998381,475,1051,93,1.0349
55,998320,468,1109,103,0.9853
56,998260,480,1153,107,1.0256
57,998197,504,1190,109,1.0500
58,998125,512,1245,118,1.0159
59,998047,521,1310,122,1.0176
60,997978,528,1368,126,1.0134
61,997898,553,1421,128,1.0473
62,997824,561,1479,136,1.0145
63,997737,581,1540,142,1.0357
64,997654,606,1594,146,1.0430
65,997567,626,1652,155,1.0330
66,997481,642,1716,161,1.0256
67,997391,666,1780,163,1.0374
68,997307,676,1845,172,1.0150
69,997217,689,1906,188,1.0192
70,997124,703,1977,196,1.0203
71,997025,722,2050,203,1.0270
72,996930,735,2121,214,1.0180
73,996814,762,2206,218,1.0367
74,996708,779,2288,225,1.0223
75,996602,789,2375,234,1.0128
76,996500,814,2446,240,1.0317
77,996391,834,2524,251,1.0246
78,996281,848,2614,257,1.0168
79,996182,845,2700,273,0.9965
80,996080,856,2781,283,1.0130
81,995975,863,2869,293,1.0082
82,995875,853,2973,299,0.9884
83,995773,876,3049,302,1.0270
84,995662,888,3138,312,1.0137
85,995554,909,3215,322,1.0236
86,995447,916,3307,330,1.0077
87,995319,949,3394,338,1.0360
88,995182,975,3493,350,1.0274
89,995067,984,3591,358,1.0092
90,994941,1014,3681,364,1.0305
91,994817,1032,3773,378,1.0178
92,994675,1057,3876,392,1.0242
93,994550,1075,3974,401,1.0170
94,994426,1094,4074,406,1.0177
95,994293,1071,4216,420,0.9790
96,994168,1072,4330,430,1.0009
97,994057,1069,4439,435,0.9972
98,993919,1086,4554,441,1.0159
99,993784,1088,4673,455,1.0018
100,993647,1123,4762,468,1.0322
101,993500,1151,4867,482,1.0249
102,993372,1145,4990,493,0.9948
103,993250,1131,5107,512,0.9878
104,993113,1141,5229,517,1.0088
105,992975,1149,5353,523,1.0070
106,992847,1157,5455,541,1.0070
107,992709,1159,5582,550,1.0017
108,992559,1179,5702,560,1.0173
109,992406,1219,5807,568,1.0339
110,992259,1246,5918,577,1.0221
111,992109,1248,6056,587,1.0016
112,991955,1262,6189,594,1.0112
113,991800,1283,6310,607,1.0166
114,991641,1289,6451,619,1.0047
115,991492,1305,6572,631,1.0124
116,991341,1304,6712,643,0.9992
117,991199,1310,6829,662,1.0046
118,991038,1323,6965,674,1.0099
119,990882,1332,7099,687,1.0068
120,990713,1337,7252,698,1.0038
121,990544,1355,7390,711,1.0135
122,990383,1384,7514,719,1.0214
123,990188,1415,7666,731,1.0224
124,990031,1411,7816,742,0.9972
125,989859,1424,7964,753,1.0092
126,989664,1435,8132,769,1.0077
127,989472,1482,8266,780,1.0328
128,989295,1491,8421,793,1.0061
129,989121,1517,8553,809,1.0174
130,988926,1546,8709,819,1.0191
131,988724,1579,8861,836,1.0213
132,988544,1579,9030,847,1.0000
133,988356,1592,9195,857,1.0082
134,988159,1603,9368,870,1.0069
135,987966,1625,9522,887,1.0137
136,987775,1653,9671,901,1.0172
137,987611,1630,9840,919,0.9861
138,987412,1638,10013,937,1.0049
139,987234,1641,10175,950,1.0018
140,987041,1647,10344,968,1.0037
141,986857,1661,10500,982,1.0085
142,986664,1670,10666,1000,1.0054
143,986489,1659,10832,1020,0.9934
144,986305,1664,10988,1043,1.0030
145,986115,1662,11166,1057,0.9988
146,985928,1669,11322,1081,1.0042
147,985741,1694,11466,1099,1.0150
148,985540,1689,11653,1118,0.9970
149,985322,1708,11831,1139,1.0112
150,985114,1722,12008,1156,1.0082
151,984881,1770,12172,1177,1.0279
152,984673,1783,12350,1194,1.0073
153,984470,1809,12510,1211,1.0146
154,984256,1818,12690,1236,1.0050
155,984043,1809,12891,1257,0.9950
156,983837,1826,13060,1277,1.0094
157,983636,1854,13213,1297,1.0153
158,983429,1865,13400,1306,1.0059
159,983201,1881,13593,1325,1.0086
160,982960,1918,13779,1343,1.0197
161,982727,1955,13960,1358,1.0193
162,982497,1939,14184,1380,0.9918
163,982261,1964,14376,1399,1.0129
164,982017,1987,14573,1423,1.0117
165,981776,2010,14781,1433,1.0116
166,981534,2053,14964,1449,1.0214
167,981300,2064,15165,1471,1.0054
168,981040,2080,15390,1490,1.0078
169,980816,2063,15610,1511,0.9918
170,980576,2103,15791,1530,1.0194
171,980327,2086,16030,1557,0.9919
172,980075,2115,16230,1580,1.0139
173,979840,2118,16437,1605,1.0014
174,979588,2148,16636,1628,1.0142
175,979345,2162,16848,1645,1.0065
176,979109,2143,17081,1667,0.9912
177,978860,2146,17305,1689,1.0014
178,978600,2134,17556,1710,0.9944
179,978355,2148,17765,1732,1.0066
180,978108,2143,17989,1760,0.9977
181,977847,2191,18183,1779,1.0224
182,977608,2184,18411,1797,0.9968
183,977363,2180,18637,1820,0.9982
184,977127,2189,18847,1837,1.0041
185,976863,2183,19090,1864,0.9973
186,976610,2197,19308,1885,1.0064
187,976343,2203,19546,1908,1.0027
188,976098,2212,19765,1925,1.0041
189,975847,2200,20011,1942,0.9946
190,975591,2220,20218,1971,1.0091
191,975335,2245,20434,1986,1.0113
192,975067,2253,20670,2010,1.0036
193,974799,2257,20905,2039,1.0018
194,974535,2269,21119,2077,1.0053
195,974255,2300,21344,2101,1.0137
196,973998,2309,21571,2122,1.0039
197,973742,2325,21789,2144,1.0069
198,973463,2352,22022,2163,1.0116
199,973183,2348,22278,2191,0.9983
200,972919,2363,22511,2207,1.0064
201,972632,2409,22724,2235,1.0195
202,972345,2444,22956,2255,1.0145
203,972071,2440,23219,2270,0.9984
204,971796,2445,23472,2287,1.0020
205,971516,2461,23704,2319,1.0065
206,971232,2483,23944,2341,1.0089
207,970920,2526,24192,2362,1.0173
208,970587,2618,24404,2391,1.0364
209,970266,2662,24658,2414,1.0168
210,969957,2696,24912,2435,1.0128
211,969666,2676,25198,2460,0.9926
212,969365,2689,25461,2485,1.0049
213,969061,2706,25728,2505,1.0063
214,968792,2658,26014,2536,0.9823
215,968484,2701,26250,2565,1.0162
216,968168,2724,26511,2597,1.0085
217,967829,2777,26767,2627,1.0195
218,967516,2788,27044,2652,1.0040
219,967230,2800,27293,2677,1.0043
220,966920,2795,27580,2705,0.9982
221,966612,2805,27843,2740,1.0036
222,966323,2774,28145,2758,0.9889
223,966029,2769,28422,2780,0.9982
224,965717,2778,28703,2802,1.0033
225,965408,2786,28968,2838,1.0029
226,965102,2788,29240,2870,1.0007
227,964801,2801,29498,2900,1.0047
228,964479,2808,29791,2922,1.0025
229,964146,2820,30079,2955,1.0043
230,963798,2876,30348,2978,1.0199
231,963463,2894,30639,3004,1.0063
232,963117,2916,30935,3032,1.0076
233,962787,2931,31215,3067,1.0051
234,962469,2937,31506,3088,1.0020
235,962144,2927,31817,3112,0.9966
236,961798,2936,32123,3143,1.0031
237,961458,2978,32394,3170,1.0143
238,961080,3021,32699,3200,1.0144
239,960739,3010,33020,3231,0.9964
240,960419,2999,33316,3266,0.9963
241,960088,2997,33629,3286,0.9993
242,959753,2974,33951,3322,0.9923
243,959432,2981,34243,3344,1.0024
244,959101,2962,34564,3373,0.9936
245,958758,2979,34859,3404,1.0057
246,958386,3042,35139,3433,1.0211
247,958052,3058,35432,3458,1.0053
248,957722,3078,35715,3485,1.0065
249,957390,3057,36045,3508,0.9932
250,957023,3072,36366,3539,1.0049
251,956658,3079,36687,3576,1.0023
252,956301,3080,37004,3615,1.0003
253,955941,3111,37309,3639,1.0101
254,955572,3123,37644,3661,1.0039
255,955208,3174,37929,3689,1.0163
256,954842,3174,38252,3732,1.0000
257,954466,3232,38533,3769,1.0183
258,954106,3244,38852,3798,1.0037
259,953736,3283,39160,3821,1.0120
260,953372,3293,39487,3848,1.0030
261,953048,3249,39820,3883,0.9866
262,952700,3219,40151,3930,0.9908
263,952320,3262,40450,3968,1.0134
264,951947,3299,40765,3989,1.0113
265,951581,3282,41116,4021,0.9948
266,951218,3295,41432,4055,1.0040
267,950821,3332,41753,4094,1.0112
268,950439,3356,42086,4119,1.0072
269,950056,3387,42405,4152,1.0092
270,949685,3408,42721,4186,1.0062
271,949284,3417,43073,4226,1.0026
272,948906,3404,43431,4259,0.9962
273,948533,3384,43778,4305,0.9941
274,948132,3416,44116,4336,1.0095
275,947750,3416,44462,4372,1.0000
276,947359,3420,44815,4406,1.0012
277,946975,3459,45127,4439,1.0114
278,946597,3452,45470,4481,0.9980
279,946177,3485,45820,4518,1.0096
280,945792,3498,46152,4558,1.0037
281,945390,3496,46521,4593,0.9994
282,944991,3493,46877,4639,0.9991
283,944610,3475,47249,4666,0.9948
284,944241,3456,47607,4696,0.9945
285,943846,3463,47959,4732,1.0020
286,943425,3529,48282,4764,1.0191
287,943013,3556,48637,4794,1.0077
288,942592,3558,49013,4837,1.0006
289,942218,3542,49369,4871,0.9955
290,941803,3580,49711,4906,1.0107
291,941416,3572,50063,4949,0.9978
292,940990,3609,50411,4990,1.0104
293,940573,3623,50775,5029,1.0039
294,940132,3696,51098,5074,1.0201
295,939715,3747,51433,5105,1.0138
296,939299,3755,51811,5135,1.0021
297,938869,3759,52198,5174,1.0011
298,938463,3793,52537,5207,1.0090
299,938034,3831,52889,5246,1.0100
300,937606,3822,53291,5281,0.9977
301,937164,3834,53681,5321,1.0031
302,936736,3818,54077,5369,0.9958
303,936299,3835,54461,5405,1.0045
304,935886,3817,54859,5438,0.9953
305,935426,3876,55220,5478,1.0155
306,935019,3862,55602,5517,0.9964
307,934597,3849,55985,5569,0.9966
308,934152,3879,56364,5605,1.0078
309,933686,3943,56735,5636,1.0165
310,933218,3956,57155,5671,1.0033
311,932794,3957,57544,5705,1.0003
312,932315,3989,57941,5755,1.0081
313,931863,4010,58337,5790,1.0053
314,931396,4032,58748,5824,1.0055
315,930957,4032,59140,5871,1.0000
316,930511,4079,59501,5909,1.0117
317,930027,4136,59888,5949,1.0140
318,929537,4194,60282,5987,1.0140
319,929044,4226,60698,6032,1.0076
320,928576,4231,61120,6073,1.0012
321,928132,4236,61520,6112,1.0012
322,927680,4226,61939,6155,0.9976
323,927221,4219,62367,6193,0.9983
324,926768,4193,62794,6245,0.9938
325,926282,4194,63234,6290,1.0002
326,925794,4232,63641,6333,1.0091
327,925298,4251,64075,6376,1.0045
328,924843,4244,64506,6407,0.9984
329,924359,4240,64950,6451,0.9991
330,923884,4244,65374,6498,1.0009
331,923401,4303,65763,6533,1.0139
332,922937,4298,66187,6578,0.9988
333,922455,4316,66610,6619,1.0042
334,921980,4330,67022,6668,1.0032
335,921471,4368,67452,6709,1.0088
336,920970,4403,67880,6747,1.0080
337,920467,4399,68351,6783,0.9991
338,919948,4465,68765,6822,1.0150
339,919429,4464,69234,6873,0.9998
340,918947,4481,69657,6915,1.0038
341,918429,4493,70121,6957,1.0027
342,917942,4502,70542,7014,1.0020
343,917454,4443,71040,7063,0.9869
344,916933,4475,71483,7109,1.0072
345,916471,4430,71938,7161,0.9899
346,915983,4450,72366,7201,1.0045
347,915503,4445,72803,7249,0.9989
348,915010,4432,73273,7285,0.9971
349,914496,4431,73744,7329,0.9998
350,914013,4437,74178,7372,1.0014
351,913537,4448,74602,7413,1.0025
352,913036,4462,75037,7465,1.0031
353,912531,4512,75455,7502,1.0112
354,912038,4500,75917,7545,0.9973
355,911543,4527,76342,7588,1.0060
356,911020,4574,76773,7633,1.0104
357,910492,4602,77232,7674,1.0061
358,909946,4625,77700,7729,1.0050
359,909450,4571,78200,7779,0.9883
360,908951,4590,78637,7822,1.0042
361,908402,4621,79112,7865,1.0068
362,907872,4674,79548,7906,1.0115
363,907338,4712,79997,7953,1.0081
364,906880,4660,80462,7998,0.9890
