dia,S,I,R,D
0,999999,1,0,0
1,999998,2,0,0
2,999996,4,0,0
3,999992,8,0,0
4,999988,10,2,0
5,999986,11,3,0
6,999979,18,3,0
7,999977,17,5,1
8,999970,24,5,1
9,999960,32,7,1
10,999949,37,13,1
11,999934,48,17,1
12,999925,54,20,1
13,999912,67,20,1
14,999898,74,27,1
15,999886,75,38,1
16,999874,77,48,1
17,999861,83,54,2
18,999848,88,60,4
19,999827,97,69,7
20,999812,101,76,11
21,999796,105,86,13
22,999769,119,98,14
23,999736,141,108,15
24,999710,149,124,17
25,999685,160,136,19
26,999655,165,160,20
27,999623,173,181,23
28,999593,184,199,24
29,999563,191,220,26
30,999532,206,236,26
31,999499,211,262,28
32,999467,213,290,30
33,999433,225,310,32
34,999398,237,331,34
35,999360,244,358,38
36,999327,249,386,38
37,999278,267,414,41
38,999241,274,439,46
39,999194,285,469,52
40,999150,304,491,55
41,999100,321,520,59
42,999047,337,552,64
43,998995,347,591,67
44,998938,353,634,75
45,998882,373,664,81
46,998822,386,706,86
47,998760,403,747,90
48,998697,417,795,91
49,998630,440,837,93
50,998556,466,883,95
51,998491,479,931,99
52,998426,494,977,103
53,998357,527,1010,106
54,998291,546,1048,115
55,998232,543,1104,121
56,998159,563,1151,127
57,998091,572,1203,134
58,998026,577,1259,138
59,997951,579,1323,147
60,997866,605,1375,154
61,997784,616,1439,161
62,997706,632,1496,166
63,997623,646,1558,173
64,997544,654,1621,181
65,997464,665,1686,185
66,997378,684,1746,192
67,997295,698,1811,196
68,997211,691,1891,207
69,997113,721,1953,213
70,997026,710,2043,221
71,996920,737,2114,229
72,996818,755,2194,233
73,996737,745,2277,241
74,996640,754,2356,250
75,996548,750,2445,257
76,996449,762,2523,266
77,996357,781,2590,272
78,996262,791,2671,276
79,996167,811,2739,283
80,996067,825,2819,289
81,995967,844,2896,293
82,995868,866,2966,300
83,995743,906,3043,308
84,995638,913,3134,315
85,995529,902,3240,329
86,995417,923,3320,340
87,995295,955,3404,346
88,995181,976,3491,352
89,995081,970,3586,363
90,994966,972,3688,374
91,994850,989,3779,382
92,994722,1000,3888,390
93,994610,1004,3991,395
94,994488,1015,4088,409
95,994348,1051,4181,420
96,994228,1069,4274,429
97,994097,1085,4383,435
98,993959,1114,4479,448
99,993832,1115,4592,461
100,993683,1135,4710,472
101,993527,1156,4829,488
102,993377,1167,4958,498
103,993240,1181,5076,503
104,993107,1184,5193,516
105,992963,1190,5319,528
106,992841,1165,5450,544
107,992714,1169,5566,551
108,992575,1190,5675,560
109,992436,1207,5784,573
110,992265,1229,5918,588
111,992115,1237,6046,602
112,991956,1272,6156,616
113,991795,1293,6286,626
114,991630,1328,6407,635
115,991461,1345,6547,647
116,991311,1329,6700,660
117,991151,1359,6818,672
118,990983,1368,6955,694
119,990807,1393,7092,708
120,990633,1413,7231,723
121,990475,1416,7370,739
122,990290,1443,7517,750
123,990123,1453,7652,772
124,989962,1467,7784,787
125,989794,1471,7938,797
126,989625,1488,8073,814
127,989446,1519,8210,825
128,989284,1533,8343,840
129,989103,1558,8492,847
130,988930,1555,8655,860
131,988756,1582,8787,875
132,988579,1586,8940,895
133,988394,1586,9110,910
134,988211,1601,9265,923
135,988029,1612,9418,941
136,987835,1643,9569,953
137,987640,1651,9743,966
138,987448,1679,9893,980
139,987236,1692,10068,1004
140,987044,1694,10237,1025
141,986847,1704,10408,1041
142,986634,1722,10584,1060
143,986407,1758,10762,1073
144,986206,1757,10951,1086
145,985989,1791,11121,1099
146,985789,1785,11312,1114
147,985580,1793,11493,1134
148,985377,1804,11670,1149
149,985182,1789,11858,1171
150,984979,1803,12025,1193
151,984766,1824,12197,1213
152,984564,1839,12374,1223
153,984345,1854,12558,1243
154,984136,1869,12732,1263
155,983934,1867,12912,1287
156,983735,1840,13119,1306
157,983519,1849,13310,1322
158,983316,1837,13508,1339
159,983102,1859,13685,1354
160,982872,1902,13855,1371
161,982632,1946,14030,1392
162,982403,1959,14222,1416
163,982193,1951,14416,1440
164,981956,1984,14605,1455
165,981730,1964,14831,1475
166,981502,1951,15047,1500
167,981264,2003,15213,1520
168,981017,2029,15411,1543
169,980786,2038,15605,1571
170,980562,2013,15829,1596
171,980337,2033,16016,1614
172,980110,2041,16216,1633
173,979876,2022,16443,1659
174,979635,2046,16638,1681
175,979392,2066,16840,1702
176,979143,2093,17042,1722
177,978879,2121,17265,1735
178,978632,2130,17479,1759
179,978362,2156,17705,1777
180,978132,2142,17928,1798
181,977903,2120,18158,1819
182,977660,2134,18368,1838
183,977365,2196,18581,1858
184,977100,2207,18808,1885
185,976866,2183,19032,1919
186,976618,2177,19265,1940
187,976377,2178,19483,1962
188,976104,2205,19707,1984
189,975839,2233,19925,2003
190,975591,2217,20172,2020
191,975345,2219,20393,2043
192,975107,2197,20629,2067
193,974871,2209,20837,2083
194,974604,2243,21046,2107
195,974339,2214,21320,2127
196,974088,2211,21557,2144
197,973822,2243,21765,2170
198,973552,2266,21987,2195
199,973279,2267,22234,2220
200,973002,2289,22472,2237
201,972728,2319,22690,2263
202,972465,2313,22932,2290
203,972184,2337,23164,2315
204,971896,2390,23378,2336
205,971605,2431,23601,2363
206,971339,2434,23839,2388
207,971082,2422,24091,2405
208,970789,2446,24336,2429
209,970483,2491,24569,2457
210,970182,2509,24823,2486
211,969892,2521,25071,2516
212,969605,2514,25334,2547
213,969301,2536,25594,2569
214,969004,2551,25844,2601
215,968701,2575,26093,2631
216,968375,2640,26335,2650
217,968064,2653,26610,2673
218,967773,2655,26878,2694
219,967469,2653,27160,2718
220,967197,2636,27430,2737
221,966890,2639,27703,2768
222,966606,2625,27971,2798
223,966292,2633,28242,2833
224,965985,2654,28500,2861
225,965673,2674,28769,2884
226,965385,2662,29045,2908
227,965057,2694,29312,2937
228,964738,2719,29572,2971
229,964414,2747,29849,2990
230,964069,2801,30115,3015
231,963705,2817,30429,3049
232,963363,2830,30727,3080
233,963026,2869,30983,3122
234,962714,2855,31268,3163
235,962393,2862,31558,3187
236,962070,2869,31848,3213
237,961749,2887,32128,3236
238,961395,2926,32416,3263
239,961068,2927,32715,3290
240,960736,2922,33027,3315
241,960399,2937,33317,3347
242,960098,2936,33589,3377
243,959789,2935,33874,3402
244,959444,2931,34181,3444
245,959063,3008,34455,3474
246,958715,3066,34709,3510
247,958361,3062,35033,3544
248,958026,3044,35356,3574
249,957666,3046,35683,3605
250,957321,3031,36013,3635
251,956984,3045,36317,3654
252,956641,3062,36611,3686
253,956294,3096,36889,3721
254,955928,3125,37190,3757
255,955583,3114,37519,3784
256,955194,3154,37832,3820
257,954829,3165,38154,3852
258,954482,3150,38470,3898
259,954120,3156,38793,3931
260,953781,3171,39088,3960
261,953431,3164,39416,3989
262,953071,3190,39716,4023
263,952695,3226,40022,4057
264,952349,3196,40373,4082
265,951953,3257,40686,4104
266,951606,3252,41005,4137
267,951237,3282,41309,4172
268,950843,3322,41625,4210
269,950459,3289,42000,4252
270,950100,3316,42301,4283
271,949704,3371,42611,4314
272,949306,3434,42917,4343
273,948891,3475,43254,4380
274,948488,3486,43614,4412
275,948119,3485,43941,4455
276,947729,3475,44305,4491
277,947312,3504,44659,4525
278,946917,3514,45012,4557
279,946531,3501,45372,4596
280,946149,3497,45719,4635
281,945743,3550,46043,4664
282,945359,3538,46397,4706
283,944963,3552,46737,4748
284,944614,3497,47114,4775
285,944221,3492,47476,4811
286,943882,3490,47796,4832
287,943490,3518,48128,4864
288,943074,3506,48519,4901
289,942674,3518,48874,4934
290,942282,3536,49216,4966
291,941842,3580,49580,4998
292,941434,3592,49943,5031
293,941023,3596,50312,5069
294,940597,3614,50690,5099
295,940187,3610,51069,5134
296,939751,3667,51420,5162
297,939323,3732,51749,5196
298,938871,3790,52112,5227
299,938453,3779,52497,5271
300,938020,3773,52887,5320
301,937616,3736,53281,5367
302,937202,3712,53671,5415
303,936795,3719,54035,5451
304,936367,3729,54421,5483
305,935893,3800,54790,5517
306,935478,3791,55179,5552
307,934992,3880,55540,5588
308,934540,3885,55946,5629
309,934124,3886,56318,5672
310,933686,3914,56691,5709
311,933247,3938,57065,5750
312,932791,3959,57458,5792
313,932330,3984,57846,5840
314,931921,3943,58255,5881
315,931505,3929,58657